url_path,views_total,views_unique
/matias-gonz/mag-analyst,8,7
/matias-gonz/mag-analyst/blob/main/README.md,8,1
/matias-gonz/mag-analyst/blob/main/explanation-document.md,4,1
/matias-gonz/mag-analyst/tree/github-repo-stats/matias-gonz/mag-analyst,2,2
/matias-gonz/mag-analyst/blob/main/drafts/mag_analyst.m,1,1
/matias-gonz/mag-analyst/blob/main/license.txt,1,1
/matias-gonz/mag-analyst/blob/main/src/MagneticParameters/Langevin.m,1,1
/matias-gonz/mag-analyst/blob/main/src/MagneticParameters/LangevinPrivate.m,1,1
/matias-gonz/mag-analyst/blob/main/src/MagneticParameters/Utils.m,1,1
/matias-gonz/mag-analyst/tree/main/assets,1,1
